OrderID,Product,Quantity,UnitPrice,TotalPrice,OrderDate,Country,PaymentMethod
10000,Phone,3,16295,48885,2023-04-05,USA,Debit Card
10001,Bag,1,38658,38658,2023-07-13,India,UPI
10002,Bag,3,45232,135696,2023-07-04,Germany,Debit Card
10003,Tablet,1,6765,6765,2023-07-29,USA,UPI
10004,Headphones,3,37694,113082,2023-12-11,Germany,Credit Card
10005,Laptop,3,47691,143073,2023-02-09,India,Net Banking
10006,Shoes,1,44631,44631,2023-05-27,Germany,Debit Card
10007,Phone,4,16523,66092,2023-11-15,France,Cash
10008,Headphones,3,2185,6555,2023-06-10,France,Net Banking
10009,Bag,1,1269,1269,2023-01-17,France,Credit Card
10010,Watch,4,2933,11732,2023-03-22,France,Debit Card
10011,Shoes,4,38319,153276,2023-08-13,Germany,Credit Card
10012,Phone,1,18068,18068,2023-03-28,Germany,UPI
10013,Camera,4,20269,81076,2023-07-11,India,Debit Card
10014,Laptop,2,6896,13792,2023-03-05,UK,Credit Card
10015,Shoes,4,27980,111920,2023-03-01,UK,Debit Card
10016,Tablet,1,41934,41934,2023-09-29,Germany,Cash
10017,Camera,3,19442,58326,2023-02-03,USA,Cash
10018,Bag,2,18931,37862,2023-06-26,India,Net Banking
10019,Tablet,4,3247,12988,2023-01-13,India,UPI
10020,Tablet,4,689,2756,2023-09-27,UK,Debit Card
10021,Phone,2,19618,39236,2023-09-07,USA,UPI
10022,Camera,2,2399,4798,2023-07-09,UK,Cash
10023,Shoes,3,1767,5301,2023-11-09,UK,Credit Card
10024,Camera,4,11894,47576,2023-11-30,USA,Debit Card
10025,Bag,1,4390,4390,2023-01-03,USA,Debit Card
10026,Tablet,3,31240,93720,2023-11-27,India,UPI
10027,Tablet,1,15002,15002,2023-11-11,India,Cash
10028,Shoes,2,11127,22254,2023-12-23,India,Net Banking
10029,Camera,1,43823,43823,2023-10-11,Germany,UPI
10030,Tablet,2,8933,17866,2023-02-26,Germany,Debit Card
10031,Shoes,2,11516,23032,2023-06-09,Germany,Cash
10032,Headphones,2,3112,6224,2023-12-23,USA,UPI
10033,Watch,2,23983,47966,2023-04-05,France,UPI
10034,Bag,3,49055,147165,2023-12-24,India,Debit Card
10035,Phone,1,17659,17659,2023-04-06,UK,Debit Card
10036,Phone,3,41494,124482,2023-12-10,India,UPI
10037,Laptop,2,36420,72840,2023-10-13,Germany,UPI
10038,Headphones,4,2085,8340,2023-01-06,USA,Cash
10039,Laptop,4,24439,97756,2023-07-22,UK,Net Banking
10040,Bag,2,1521,3042,2023-09-03,Germany,Cash
10041,Tablet,2,44073,88146,2023-02-26,India,Cash
10042,Camera,2,41257,82514,2023-02-25,France,UPI
10043,Phone,1,46258,46258,2023-04-08,Germany,Credit Card
10044,Bag,2,7373,14746,2023-09-18,India,Cash
10045,Watch,4,661,2644,2023-09-24,UK,Net Banking
10046,Watch,2,27057,54114,2023-04-04,UK,Cash
10047,Headphones,4,33106,132424,2023-02-10,Germany,Cash
10048,Laptop,4,12034,48136,2023-07-18,France,Credit Card
10049,Phone,4,40897,163588,2023-07-07,USA,Cash
10050,Watch,3,26351,79053,2023-07-24,France,Cash
10051,Watch,1,24753,24753,2023-02-22,India,Debit Card
10052,Camera,4,24776,99104,2023-04-01,France,Debit Card
10053,Phone,4,24800,99200,2023-12-28,India,Cash
10054,Bag,2,17762,35524,2023-10-19,Germany,Cash
10055,Shoes,1,21771,21771,2023-02-06,USA,Net Banking
10056,Camera,2,21743,43486,2023-06-29,Germany,Credit Card
10057,Bag,4,9071,36284,2023-03-22,India,UPI
10058,Shoes,1,40476,40476,2023-04-12,France,Net Banking
10059,Shoes,1,49716,49716,2023-02-13,France,Cash
10060,Headphones,1,41274,41274,2023-12-03,UK,Debit Card
10061,Headphones,1,2527,2527,2023-12-01,Germany,Cash
10062,Watch,4,48690,194760,2023-08-08,Germany,Cash
10063,Bag,3,22502,67506,2023-01-01,USA,Debit Card
10064,Laptop,1,33659,33659,2023-08-03,UK,Net Banking
10065,Bag,3,13166,39498,2023-12-09,India,Credit Card
10066,Watch,1,4061,4061,2023-08-24,Germany,Debit Card
10067,Tablet,3,39452,118356,2023-02-20,Germany,Credit Card
10068,Camera,4,23162,92648,2023-03-08,Germany,Credit Card
10069,Tablet,1,31035,31035,2023-03-31,France,Net Banking
10070,Camera,4,48533,194132,2023-08-19,Germany,UPI
10071,Watch,1,24099,24099,2023-11-11,UK,Credit Card
10072,Tablet,3,35722,107166,2023-11-11,UK,Credit Card
10073,Camera,2,14539,29078,2023-07-26,Germany,Cash
10074,Watch,1,31318,31318,2023-07-22,India,Cash
10075,Shoes,4,11465,45860,2023-11-18,USA,Credit Card
10076,Laptop,3,43030,129090,2023-05-21,Germany,Credit Card
10077,Headphones,1,32982,32982,2023-09-20,France,Credit Card
10078,Phone,1,8610,8610,2023-05-06,USA,Net Banking
10079,Laptop,2,27766,55532,2023-12-13,Germany,UPI
10080,Headphones,1,17912,17912,2023-09-18,UK,Net Banking
10081,Laptop,2,33770,67540,2023-08-13,Germany,Cash
10082,Phone,3,45953,137859,2023-08-06,France,UPI
10083,Phone,3,706,2118,2023-12-24,UK,Net Banking
10084,Shoes,3,22861,68583,2023-06-02,USA,Credit Card
10085,Watch,2,23919,47838,2023-02-15,France,Net Banking
10086,Phone,1,49202,49202,2023-10-13,Germany,UPI
10087,Phone,4,42023,168092,2023-09-01,UK,UPI
10088,Headphones,1,45651,45651,2023-07-15,UK,Debit Card
10089,Headphones,4,18641,74564,2023-06-23,UK,Cash
10090,Shoes,1,40842,40842,2023-11-23,UK,Credit Card
10091,Shoes,3,2178,6534,2023-01-22,USA,Debit Card
10092,Bag,3,34327,102981,2023-08-07,UK,Net Banking
10093,Watch,1,16698,16698,2023-10-26,USA,Net Banking
10094,Phone,3,28390,85170,2023-07-04,USA,Net Banking
10095,Watch,2,22799,45598,2023-09-02,Germany,Debit Card
10096,Phone,2,44189,88378,2023-06-30,UK,Net Banking
10097,Laptop,1,43057,43057,2023-06-26,France,Debit Card
10098,Watch,1,44520,44520,2023-04-23,USA,UPI
10099,Phone,2,29967,59934,2023-01-21,USA,UPI
10100,Camera,4,47199,188796,2023-03-21,USA,Debit Card
10101,Headphones,4,26439,105756,2023-03-16,USA,Credit Card
10102,Tablet,2,43441,86882,2023-04-16,USA,UPI
10103,Camera,3,18547,55641,2023-08-05,UK,Credit Card
10104,Watch,2,10730,21460,2023-03-14,Germany,Debit Card
10105,Watch,4,22476,89904,2023-09-28,USA,Cash
10106,Tablet,3,24276,72828,2023-04-28,India,Credit Card
10107,Tablet,1,1806,1806,2023-07-19,India,UPI
10108,Watch,2,7276,14552,2023-11-23,Germany,Credit Card
10109,Camera,4,9974,39896,2023-04-13,India,Credit Card
10110,Headphones,3,22459,67377,2023-05-23,UK,Net Banking
10111,Laptop,3,29820,89460,2023-07-08,UK,Cash
10112,Shoes,2,4248,8496,2023-09-21,USA,UPI
10113,Headphones,1,33062,33062,2023-09-30,India,Cash
10114,Tablet,2,1163,2326,2023-06-30,UK,Cash
10115,Phone,3,8494,25482,2023-02-16,USA,Cash
10116,Watch,2,30803,61606,2023-11-19,India,Cash
10117,Shoes,4,3804,15216,2023-03-28,India,UPI
10118,Tablet,4,47076,188304,2023-11-04,USA,UPI
10119,Bag,2,18175,36350,2023-12-28,Germany,Net Banking
10120,Headphones,2,44917,89834,2023-10-28,USA,Debit Card
10121,Watch,3,24164,72492,2023-04-03,France,Credit Card
10122,Phone,1,20580,20580,2023-08-18,India,Net Banking
10123,Laptop,4,28228,112912,2023-07-03,Germany,Debit Card
10124,Phone,3,27236,81708,2023-06-26,France,Net Banking
10125,Headphones,2,38005,76010,2023-06-09,France,UPI
10126,Camera,4,47145,188580,2023-08-14,India,Credit Card
10127,Camera,3,25048,75144,2023-11-08,USA,Credit Card
10128,Laptop,4,7892,31568,2023-11-06,Germany,Credit Card
10129,Phone,1,47217,47217,2023-10-16,USA,UPI
10130,Headphones,2,22056,44112,2023-06-03,Germany,Cash
10131,Tablet,4,39059,156236,2023-12-02,UK,Debit Card
10132,Laptop,2,22419,44838,2023-01-28,UK,Cash
10133,Bag,3,5431,16293,2023-12-04,Germany,Credit Card
10134,Bag,3,33470,100410,2023-07-25,USA,Net Banking
10135,Headphones,4,13188,52752,2023-05-01,USA,Net Banking
10136,Watch,3,37657,112971,2023-10-06,UK,Net Banking
10137,Headphones,4,41272,165088,2023-02-11,UK,Cash
10138,Camera,4,41045,164180,2023-03-03,France,Net Banking
10139,Laptop,2,24009,48018,2023-06-27,France,UPI
10140,Laptop,3,45042,135126,2023-02-25,India,Cash
10141,Laptop,4,23171,92684,2023-08-06,USA,Cash
10142,Headphones,1,28348,28348,2023-05-31,India,Net Banking
10143,Headphones,4,21166,84664,2023-01-17,USA,Debit Card
10144,Bag,2,16208,32416,2023-12-09,UK,UPI
10145,Tablet,3,3311,9933,2023-05-29,France,Net Banking
10146,Headphones,3,47511,142533,2023-09-04,UK,Cash
10147,Phone,3,35254,105762,2023-09-17,France,UPI
10148,Camera,3,41606,124818,2023-02-25,UK,Debit Card
10149,Shoes,4,3411,13644,2023-08-07,UK,Net Banking
10150,Bag,3,18727,56181,2023-03-10,UK,Net Banking
10151,Watch,1,19860,19860,2023-08-23,Germany,UPI
10152,Laptop,4,6259,25036,2023-10-02,India,UPI
10153,Camera,3,35653,106959,2023-06-26,USA,Cash
10154,Bag,4,38004,152016,2023-10-07,UK,UPI
10155,Bag,3,8655,25965,2023-08-08,Germany,Cash
10156,Bag,1,39884,39884,2023-08-21,France,UPI
10157,Bag,2,47754,95508,2023-04-26,France,UPI
10158,Laptop,3,20945,62835,2023-01-08,India,UPI
10159,Phone,2,30806,61612,2023-10-12,India,Net Banking
10160,Shoes,3,47343,142029,2023-05-31,Germany,UPI
10161,Shoes,4,31565,126260,2023-05-07,Germany,Net Banking
10162,Tablet,4,42476,169904,2023-09-02,France,Net Banking
10163,Headphones,4,12335,49340,2023-12-15,Germany,Debit Card
10164,Camera,1,2549,2549,2023-05-20,France,Net Banking
10165,Headphones,1,38691,38691,2023-09-04,France,Debit Card
10166,Watch,2,21432,42864,2023-12-31,UK,Net Banking
10167,Shoes,1,30355,30355,2023-09-06,USA,Cash
10168,Tablet,3,7658,22974,2023-09-13,France,Debit Card
10169,Headphones,1,7900,7900,2023-11-15,Germany,Debit Card
10170,Laptop,3,43142,129426,2023-10-01,France,Cash
10171,Shoes,4,1654,6616,2023-01-06,USA,Credit Card
10172,Watch,4,6795,27180,2023-10-23,UK,Debit Card
10173,Watch,2,12683,25366,2023-12-08,UK,Credit Card
10174,Bag,4,13374,53496,2023-01-09,USA,Net Banking
10175,Shoes,1,33211,33211,2023-07-20,UK,UPI
10176,Laptop,4,42905,171620,2023-04-21,India,Cash
10177,Bag,4,48854,195416,2023-07-06,USA,UPI
10178,Laptop,4,3057,12228,2023-12-03,France,Debit Card
10179,Watch,1,16982,16982,2023-04-27,UK,Debit Card
10180,Tablet,1,47440,47440,2023-07-29,Germany,UPI
10181,Laptop,2,47475,94950,2023-07-26,USA,Net Banking
10182,Bag,2,12469,24938,2023-11-23,France,Cash
10183,Watch,2,47260,94520,2023-09-14,UK,Credit Card
10184,Bag,4,25236,100944,2023-04-04,USA,Credit Card
10185,Watch,4,23828,95312,2023-07-04,Germany,Credit Card
10186,Laptop,2,26376,52752,2023-06-28,UK,Cash
10187,Headphones,4,4487,17948,2023-08-17,UK,Credit Card
10188,Phone,4,22899,91596,2023-11-13,Germany,Debit Card
10189,Headphones,4,46714,186856,2023-06-17,Germany,Cash
10190,Camera,3,21380,64140,2023-05-17,Germany,Credit Card
10191,Shoes,4,44564,178256,2023-07-29,USA,Credit Card
10192,Bag,4,5055,20220,2023-06-06,UK,UPI
10193,Shoes,3,41318,123954,2023-03-12,USA,Credit Card
10194,Headphones,2,20330,40660,2023-08-12,Germany,Credit Card
10195,Laptop,2,7393,14786,2023-04-01,UK,Debit Card
10196,Shoes,2,14873,29746,2023-06-21,USA,Debit Card
10197,Bag,2,3936,7872,2023-07-06,India,UPI
10198,Bag,3,11177,33531,2023-06-12,Germany,UPI
10199,Camera,4,20238,80952,2024-01-01,UK,Net Banking
10200,Bag,3,49877,149631,2023-09-09,Germany,Net Banking
10201,Laptop,1,32852,32852,2023-01-15,India,Cash
10202,Phone,4,40290,161160,2023-07-31,USA,Net Banking
10203,Tablet,4,6100,24400,2023-12-23,USA,Cash
10204,Camera,1,28143,28143,2023-05-22,USA,Credit Card
10205,Camera,1,9507,9507,2023-03-25,India,Credit Card
10206,Watch,3,37910,113730,2023-10-13,USA,Debit Card
10207,Laptop,4,44580,178320,2023-12-15,Germany,UPI
10208,Laptop,4,8708,34832,2023-07-28,Germany,Credit Card
10209,Camera,4,19089,76356,2023-08-08,Germany,Cash
10210,Bag,1,17953,17953,2023-08-12,USA,Net Banking
10211,Tablet,1,44025,44025,2023-01-13,Germany,Net Banking
10212,Shoes,3,33135,99405,2023-12-28,USA,Cash
10213,Watch,1,34328,34328,2023-08-09,USA,Cash
10214,Watch,4,3920,15680,2023-08-27,USA,Net Banking
10215,Shoes,1,801,801,2023-06-19,France,UPI
10216,Bag,1,1199,1199,2023-06-27,USA,UPI
10217,Tablet,1,690,690,2023-08-29,India,Credit Card
10218,Camera,1,36243,36243,2023-02-23,France,Credit Card
10219,Bag,3,20278,60834,2023-03-04,Germany,UPI
10220,Watch,4,27141,108564,2023-06-04,India,Credit Card
10221,Headphones,1,33245,33245,2023-04-23,France,Credit Card
10222,Shoes,3,23593,70779,2023-06-20,UK,Credit Card
10223,Shoes,2,38710,77420,2023-01-19,UK,Cash
10224,Bag,4,37131,148524,2023-09-04,France,Debit Card
10225,Laptop,2,7955,15910,2023-09-07,France,Net Banking
10226,Bag,3,11593,34779,2023-12-17,India,Debit Card
10227,Laptop,3,36277,108831,2023-04-16,UK,Cash
10228,Watch,3,17038,51114,2023-05-16,India,Cash
10229,Watch,2,34677,69354,2023-09-03,USA,Cash
10230,Laptop,2,1284,2568,2023-03-13,UK,Net Banking
10231,Headphones,4,41364,165456,2023-10-20,USA,Debit Card
10232,Watch,1,13033,13033,2023-12-02,UK,UPI
10233,Tablet,4,40474,161896,2023-03-21,Germany,UPI
10234,Bag,1,6301,6301,2023-08-20,USA,Net Banking
10235,Bag,3,39254,117762,2023-09-30,Germany,Debit Card
10236,Laptop,2,30092,60184,2023-09-05,India,UPI
10237,Bag,4,9216,36864,2023-02-09,UK,Cash
10238,Laptop,4,22509,90036,2023-08-22,India,Credit Card
10239,Shoes,3,24876,74628,2023-10-03,UK,Net Banking
10240,Tablet,4,5280,21120,2023-09-07,France,Cash
10241,Shoes,4,2868,11472,2023-01-13,USA,Credit Card
10242,Laptop,4,7155,28620,2023-06-03,India,UPI
10243,Camera,2,4995,9990,2023-10-26,France,Credit Card
10244,Camera,2,26047,52094,2023-01-20,India,Net Banking
10245,Watch,3,13903,41709,2023-08-10,UK,Cash
10246,Bag,2,13621,27242,2023-10-23,USA,Cash
10247,Headphones,4,11466,45864,2023-07-31,UK,UPI
10248,Headphones,3,34121,102363,2023-06-29,France,Net Banking
10249,Laptop,3,28812,86436,2023-02-27,USA,Debit Card
10250,Phone,2,23177,46354,2023-06-13,Germany,UPI
10251,Bag,2,31789,63578,2023-07-08,France,Credit Card
10252,Shoes,2,31524,63048,2023-01-15,France,Debit Card
10253,Shoes,4,5277,21108,2023-09-14,Germany,Cash
10254,Headphones,2,30249,60498,2023-07-27,UK,UPI
10255,Shoes,3,2991,8973,2023-09-22,UK,Debit Card
10256,Shoes,1,48596,48596,2023-02-27,India,Cash
10257,Headphones,4,20008,80032,2023-08-02,Germany,Cash
10258,Laptop,4,3551,14204,2023-01-25,India,Credit Card
10259,Phone,4,49656,198624,2023-05-11,USA,Net Banking
10260,Headphones,3,22199,66597,2023-06-14,UK,Credit Card
10261,Shoes,2,1376,2752,2023-12-11,India,UPI
10262,Laptop,4,32593,130372,2023-05-07,India,Credit Card
10263,Shoes,3,15702,47106,2023-10-14,France,Cash
10264,Watch,3,7579,22737,2023-12-16,UK,Net Banking
10265,Laptop,4,40067,160268,2023-12-04,Germany,Cash
10266,Laptop,1,37733,37733,2023-05-12,USA,Credit Card
10267,Tablet,4,46685,186740,2023-12-27,USA,Debit Card
10268,Headphones,2,26758,53516,2023-01-29,India,UPI
10269,Camera,1,8811,8811,2023-05-28,Germany,Net Banking
10270,Tablet,3,14598,43794,2023-08-26,France,Debit Card
10271,Camera,4,38445,153780,2023-11-25,France,Net Banking
10272,Camera,3,26445,79335,2023-04-22,UK,UPI
10273,Tablet,1,32717,32717,2023-04-19,India,Credit Card
10274,Camera,1,6449,6449,2023-03-23,India,Net Banking
10275,Phone,3,1650,4950,2023-11-16,France,Credit Card
10276,Bag,1,35199,35199,2023-02-27,France,Debit Card
10277,Headphones,1,1581,1581,2023-11-12,India,Debit Card
10278,Headphones,2,17396,34792,2023-06-20,USA,Credit Card
10279,Tablet,3,46675,140025,2023-02-07,Germany,Net Banking
10280,Tablet,2,5737,11474,2023-01-04,France,Debit Card
10281,Bag,4,20556,82224,2023-01-04,India,Credit Card
10282,Watch,4,49512,198048,2023-12-26,India,Net Banking
10283,Camera,1,3843,3843,2023-08-29,Germany,Cash
10284,Laptop,1,29875,29875,2023-06-10,Germany,Cash
10285,Laptop,3,17464,52392,2023-10-04,USA,Credit Card
10286,Phone,2,8630,17260,2023-09-29,India,Net Banking
10287,Shoes,4,2179,8716,2023-09-11,USA,UPI
10288,Camera,3,13784,41352,2023-03-31,UK,Cash
10289,Watch,2,19628,39256,2023-03-31,Germany,Credit Card
10290,Camera,1,9935,9935,2023-02-16,Germany,UPI
10291,Watch,1,44578,44578,2023-09-15,France,UPI
10292,Tablet,1,30945,30945,2023-04-24,USA,UPI
10293,Shoes,2,29624,59248,2023-06-28,India,Credit Card
10294,Camera,4,44419,177676,2023-05-12,France,Credit Card
10295,Phone,2,35747,71494,2023-08-26,UK,Net Banking
10296,Watch,1,29722,29722,2023-12-01,Germany,Debit Card
10297,Tablet,4,37720,150880,2023-03-16,USA,Net Banking
10298,Laptop,3,39149,117447,2023-04-14,India,Debit Card
10299,Headphones,2,14569,29138,2023-01-11,UK,UPI
10300,Phone,1,32343,32343,2023-07-07,Germany,UPI
10301,Headphones,2,40658,81316,2023-08-14,Germany,Cash
10302,Camera,2,23789,47578,2023-11-23,UK,Debit Card
10303,Phone,3,35757,107271,2023-05-23,USA,Debit Card
10304,Laptop,4,42475,169900,2023-04-11,India,Net Banking
10305,Laptop,1,16864,16864,2023-01-14,UK,UPI
10306,Camera,4,28163,112652,2023-02-01,Germany,Net Banking
10307,Laptop,4,39146,156584,2023-08-18,USA,Cash
10308,Bag,2,29668,59336,2023-01-11,France,UPI
10309,Phone,4,25971,103884,2023-04-06,USA,Cash
10310,Tablet,4,1351,5404,2023-11-26,USA,Net Banking
10311,Camera,4,7333,29332,2023-09-10,India,Cash
10312,Shoes,3,35695,107085,2023-09-30,USA,UPI
10313,Headphones,1,4500,4500,2023-04-13,UK,UPI
10314,Watch,1,36006,36006,2023-10-29,France,Cash
10315,Bag,3,38655,115965,2023-11-17,Germany,Cash
10316,Laptop,3,32820,98460,2023-12-12,USA,Net Banking
10317,Headphones,1,46747,46747,2023-07-06,France,UPI
10318,Bag,2,17950,35900,2023-09-30,UK,Credit Card
10319,Shoes,4,21264,85056,2023-09-28,USA,Credit Card
10320,Headphones,1,20991,20991,2023-11-12,France,Net Banking
10321,Camera,3,3873,11619,2023-02-19,Germany,Debit Card
10322,Bag,2,32496,64992,2023-12-28,Germany,UPI
10323,Phone,3,35350,106050,2023-08-30,France,Credit Card
10324,Camera,3,27972,83916,2023-03-13,USA,Net Banking
10325,Bag,2,25851,51702,2023-04-05,Germany,UPI
10326,Tablet,1,49549,49549,2023-09-23,Germany,Cash
10327,Shoes,2,10317,20634,2023-05-04,Germany,Net Banking
10328,Camera,2,917,1834,2023-05-23,India,Net Banking
10329,Laptop,3,42076,126228,2023-10-15,USA,Credit Card
10330,Laptop,3,3767,11301,2023-05-29,Germany,Net Banking
10331,Shoes,2,24552,49104,2023-05-24,France,Net Banking
10332,Phone,2,26592,53184,2023-06-15,USA,Credit Card
10333,Camera,3,912,2736,2023-03-14,USA,Credit Card
10334,Shoes,4,40855,163420,2023-05-01,Germany,Cash
10335,Laptop,1,24048,24048,2023-05-28,France,Net Banking
10336,Camera,1,44925,44925,2023-05-26,UK,Net Banking
10337,Laptop,1,19388,19388,2023-05-21,India,UPI
10338,Shoes,4,47795,191180,2023-05-30,UK,Cash
10339,Tablet,3,49316,147948,2023-09-14,France,Cash
10340,Headphones,3,20963,62889,2023-03-27,Germany,UPI
10341,Headphones,4,38341,153364,2023-09-30,India,Net Banking
10342,Camera,1,35411,35411,2023-05-26,UK,UPI
10343,Bag,4,23690,94760,2023-02-05,India,Net Banking
10344,Laptop,2,32979,65958,2023-01-05,UK,Credit Card
10345,Laptop,1,45311,45311,2023-11-09,UK,Cash
10346,Watch,1,20650,20650,2023-10-16,UK,Credit Card
10347,Tablet,1,43786,43786,2023-03-25,Germany,Debit Card
10348,Camera,1,3414,3414,2023-03-06,India,Debit Card
10349,Watch,1,46852,46852,2023-02-26,USA,Debit Card
10350,Phone,1,14897,14897,2023-04-27,France,Debit Card
10351,Laptop,4,47459,189836,2023-06-21,France,Net Banking
10352,Tablet,1,1198,1198,2023-09-21,India,Debit Card
10353,Watch,3,47780,143340,2023-05-16,USA,Net Banking
10354,Headphones,4,17279,69116,2023-07-12,India,Cash
10355,Laptop,1,7900,7900,2023-07-24,USA,UPI
10356,Bag,3,37439,112317,2023-09-06,UK,Debit Card
10357,Camera,1,35770,35770,2023-10-06,USA,Debit Card
10358,Shoes,4,17601,70404,2023-05-12,India,Debit Card
10359,Phone,3,32807,98421,2023-04-29,Germany,UPI
10360,Tablet,3,5986,17958,2023-07-17,France,Debit Card
10361,Watch,4,21864,87456,2023-02-06,India,Debit Card
10362,Laptop,1,37759,37759,2023-10-17,UK,Debit Card
10363,Bag,1,32167,32167,2023-11-09,Germany,Debit Card
10364,Phone,3,22472,67416,2023-11-09,Germany,Net Banking
10365,Camera,4,1667,6668,2023-10-06,UK,Cash
10366,Phone,1,1562,1562,2023-01-01,France,Net Banking
10367,Tablet,1,24744,24744,2023-03-23,UK,UPI
10368,Tablet,2,22189,44378,2023-12-30,USA,Debit Card
10369,Headphones,3,23425,70275,2023-01-28,USA,Credit Card
10370,Phone,3,37997,113991,2023-12-01,UK,Debit Card
10371,Camera,1,24214,24214,2023-09-19,India,Credit Card
10372,Shoes,3,9424,28272,2023-08-26,Germany,UPI
10373,Laptop,3,24894,74682,2023-02-04,Germany,Cash
10374,Tablet,2,38114,76228,2023-12-07,France,Cash
10375,Laptop,4,48636,194544,2023-11-27,USA,Debit Card
10376,Bag,2,17837,35674,2023-03-03,France,Cash
10377,Headphones,4,7556,30224,2023-03-04,France,Debit Card
10378,Phone,1,44761,44761,2023-04-19,UK,Credit Card
10379,Shoes,3,22177,66531,2023-08-03,USA,Debit Card
10380,Watch,1,39581,39581,2023-11-07,Germany,Cash
10381,Watch,1,28069,28069,2023-09-22,Germany,Debit Card
10382,Bag,3,19565,58695,2023-02-09,UK,Cash
10383,Bag,2,18424,36848,2023-05-02,India,Cash
10384,Camera,1,27462,27462,2023-05-01,Germany,Net Banking
10385,Bag,4,14307,57228,2023-06-01,India,Net Banking
10386,Camera,1,26932,26932,2023-09-22,France,Cash
10387,Tablet,2,41959,83918,2023-07-21,France,Net Banking
10388,Shoes,1,40762,40762,2023-09-06,USA,Cash
10389,Tablet,1,1824,1824,2023-11-07,Germany,Credit Card
10390,Laptop,4,36409,145636,2023-09-28,USA,Cash
10391,Tablet,4,20370,81480,2023-09-22,Germany,Cash
10392,Tablet,3,7088,21264,2023-11-08,France,Net Banking
10393,Bag,4,38569,154276,2023-04-28,France,Debit Card
10394,Headphones,3,25789,77367,2023-07-28,India,Debit Card
10395,Watch,2,28678,57356,2023-10-05,India,Credit Card
10396,Tablet,3,15985,47955,2023-07-10,USA,UPI
10397,Laptop,3,21152,63456,2023-06-19,UK,Debit Card
10398,Bag,1,21733,21733,2023-02-01,France,Net Banking
10399,Tablet,4,4209,16836,2023-12-20,France,Debit Card
10400,Bag,2,30855,61710,2023-11-25,USA,Net Banking
10401,Tablet,4,13616,54464,2023-05-13,UK,UPI
10402,Watch,3,42844,128532,2023-01-22,UK,UPI
10403,Shoes,3,39798,119394,2023-03-27,Germany,Cash
10404,Watch,1,15183,15183,2023-04-28,USA,Debit Card
10405,Bag,2,1004,2008,2023-05-06,Germany,Credit Card
10406,Laptop,3,34799,104397,2023-09-19,UK,Net Banking
10407,Laptop,1,24460,24460,2023-03-29,India,Debit Card
10408,Phone,4,17812,71248,2023-04-21,Germany,Cash
10409,Camera,2,46696,93392,2023-11-09,India,Cash
10410,Laptop,2,2605,5210,2023-05-06,India,Debit Card
10411,Tablet,4,46240,184960,2023-11-02,USA,Net Banking
10412,Headphones,4,23200,92800,2023-03-12,USA,Cash
10413,Shoes,1,38178,38178,2023-03-23,UK,Cash
10414,Laptop,1,21059,21059,2023-04-08,India,Net Banking
10415,Shoes,2,28360,56720,2023-05-27,UK,Net Banking
10416,Watch,3,11503,34509,2023-02-13,Germany,Credit Card
10417,Bag,1,26326,26326,2023-02-20,India,UPI
10418,Shoes,3,14343,43029,2023-02-23,Germany,UPI
10419,Phone,1,49029,49029,2023-10-14,Germany,UPI
10420,Laptop,3,18140,54420,2023-10-17,UK,Cash
10421,Watch,1,38913,38913,2023-09-10,USA,Cash
10422,Shoes,3,42856,128568,2023-02-02,USA,Net Banking
10423,Camera,2,41321,82642,2023-12-27,India,UPI
10424,Laptop,3,19587,58761,2023-06-27,Germany,UPI
10425,Phone,3,25004,75012,2023-01-07,France,Credit Card
10426,Headphones,3,13823,41469,2023-05-02,UK,Debit Card
10427,Headphones,2,11475,22950,2023-03-16,USA,Cash
10428,Laptop,4,21947,87788,2023-10-24,France,UPI
10429,Watch,2,24459,48918,2023-07-08,UK,Cash
10430,Phone,4,30203,120812,2023-04-22,UK,Net Banking
10431,Shoes,2,46927,93854,2023-09-17,USA,Cash
10432,Headphones,4,36987,147948,2023-09-20,India,Cash
10433,Tablet,2,40751,81502,2023-07-22,Germany,Cash
10434,Bag,2,33807,67614,2023-12-03,UK,Net Banking
10435,Tablet,4,38232,152928,2023-05-07,France,Credit Card
10436,Tablet,1,5335,5335,2023-10-16,France,UPI
10437,Bag,4,39310,157240,2023-07-18,France,Net Banking
10438,Phone,2,40580,81160,2023-07-06,France,Net Banking
10439,Shoes,1,13716,13716,2023-12-08,Germany,Debit Card
10440,Camera,1,36047,36047,2023-02-08,India,Cash
10441,Phone,4,17808,71232,2023-10-25,France,Credit Card
10442,Laptop,1,34849,34849,2023-10-16,UK,Cash
10443,Shoes,3,45945,137835,2023-04-29,Germany,Debit Card
10444,Bag,2,49907,99814,2023-01-07,Germany,Net Banking
10445,Camera,1,10636,10636,2023-01-21,France,Credit Card
10446,Shoes,2,509,1018,2023-11-25,India,Debit Card
10447,Watch,4,24293,97172,2023-03-09,USA,Cash
10448,Tablet,3,30048,90144,2023-12-23,France,Net Banking
10449,Camera,1,1515,1515,2023-11-22,India,Debit Card
10450,Watch,1,28212,28212,2023-04-27,Germany,Credit Card
10451,Watch,2,8915,17830,2023-03-13,Germany,UPI
10452,Laptop,3,47780,143340,2023-11-17,Germany,Cash
10453,Watch,3,24333,72999,2023-06-07,France,Net Banking
10454,Laptop,3,20809,62427,2023-09-10,USA,Credit Card
10455,Headphones,3,7438,22314,2023-11-12,India,Net Banking
10456,Tablet,1,47040,47040,2023-10-30,India,Cash
10457,Phone,1,18517,18517,2023-12-10,USA,Debit Card
10458,Watch,1,40534,40534,2023-11-09,Germany,Cash
10459,Camera,3,884,2652,2023-02-02,Germany,Credit Card
10460,Headphones,1,41443,41443,2023-05-07,India,Net Banking
10461,Laptop,3,29689,89067,2023-04-13,UK,Debit Card
10462,Camera,4,18884,75536,2023-03-07,Germany,Debit Card
10463,Shoes,1,33106,33106,2023-03-01,USA,Debit Card
10464,Phone,1,39257,39257,2023-03-09,France,Credit Card
10465,Watch,3,24074,72222,2023-02-11,Germany,Cash
10466,Camera,1,4136,4136,2023-09-06,India,Cash
10467,Bag,1,5309,5309,2023-10-23,Germany,Credit Card
10468,Watch,2,13956,27912,2023-03-24,India,Debit Card
10469,Headphones,1,39265,39265,2023-06-12,UK,Cash
10470,Tablet,1,45606,45606,2023-02-23,USA,UPI
10471,Phone,1,17600,17600,2023-05-29,USA,Net Banking
10472,Headphones,4,22449,89796,2023-10-21,Germany,UPI
10473,Laptop,1,38244,38244,2023-09-26,UK,Net Banking
10474,Shoes,4,43283,173132,2023-05-01,France,Debit Card
10475,Tablet,2,36687,73374,2023-08-23,USA,Cash
10476,Bag,3,7739,23217,2023-01-17,UK,UPI
10477,Bag,3,14989,44967,2023-10-06,France,Credit Card
10478,Camera,2,43625,87250,2023-02-13,USA,Net Banking
10479,Camera,3,29038,87114,2023-09-19,UK,Credit Card
10480,Phone,2,37631,75262,2023-08-29,Germany,Credit Card
10481,Headphones,1,8927,8927,2023-02-20,India,Cash
10482,Tablet,1,24785,24785,2023-08-06,Germany,Cash
10483,Tablet,3,43308,129924,2023-06-18,Germany,Net Banking
10484,Bag,1,19698,19698,2023-10-14,France,UPI
10485,Phone,3,15754,47262,2023-12-16,UK,Cash
10486,Laptop,3,1752,5256,2023-06-28,USA,Net Banking
10487,Shoes,1,12673,12673,2023-05-19,UK,Debit Card
10488,Laptop,2,27198,54396,2023-10-11,France,Debit Card
10489,Headphones,3,16281,48843,2023-10-09,UK,Cash
10490,Headphones,4,13551,54204,2023-10-22,India,Debit Card
10491,Shoes,2,7449,14898,2023-06-02,France,UPI
10492,Tablet,2,8517,17034,2023-02-06,UK,Debit Card
10493,Phone,2,26434,52868,2023-10-28,France,Net Banking
10494,Shoes,3,10709,32127,2023-02-28,UK,Cash
10495,Shoes,4,29420,117680,2023-03-07,UK,Cash
10496,Phone,2,32203,64406,2023-01-25,India,Credit Card
10497,Shoes,3,5137,15411,2023-05-09,USA,Credit Card
10498,Laptop,3,43588,130764,2023-09-21,India,UPI
10499,Camera,1,38160,38160,2023-06-01,Germany,Cash
10500,Watch,4,49789,199156,2023-06-04,Germany,Cash
10501,Laptop,4,20356,81424,2023-08-17,Germany,Debit Card
10502,Phone,2,20463,40926,2023-08-18,UK,Credit Card
10503,Watch,4,37432,149728,2023-06-14,France,Net Banking
10504,Camera,2,8441,16882,2023-02-23,UK,Net Banking
10505,Watch,1,6069,6069,2023-09-14,UK,UPI
10506,Bag,1,39537,39537,2023-04-26,France,UPI
10507,Camera,3,12515,37545,2023-09-24,India,Net Banking
10508,Laptop,3,6754,20262,2023-06-21,France,Credit Card
10509,Tablet,1,24714,24714,2023-05-10,India,Net Banking
10510,Bag,3,15683,47049,2023-11-10,USA,Net Banking
10511,Watch,3,6590,19770,2023-03-11,France,Cash
10512,Laptop,2,22915,45830,2023-11-08,Germany,Credit Card
10513,Camera,4,45915,183660,2023-08-22,France,Net Banking
10514,Bag,4,43179,172716,2023-03-11,USA,Debit Card
10515,Camera,1,18771,18771,2023-11-29,India,Credit Card
10516,Camera,3,33934,101802,2023-11-24,France,Credit Card
10517,Watch,1,10661,10661,2023-01-15,USA,Cash
10518,Camera,1,11814,11814,2023-04-05,USA,Net Banking
10519,Phone,3,22008,66024,2023-07-14,Germany,UPI
10520,Watch,2,46159,92318,2023-02-13,Germany,Credit Card
10521,Phone,2,37168,74336,2023-09-27,Germany,Credit Card
10522,Tablet,2,14216,28432,2023-11-22,UK,Net Banking
10523,Phone,2,39644,79288,2023-06-10,UK,Credit Card
10524,Tablet,4,19277,77108,2023-03-18,UK,Cash
10525,Phone,2,43428,86856,2023-05-17,UK,Net Banking
10526,Watch,2,26829,53658,2023-05-25,Germany,Credit Card
10527,Laptop,1,16782,16782,2023-08-27,France,Net Banking
10528,Camera,1,23821,23821,2023-05-29,Germany,Cash
10529,Headphones,1,23074,23074,2023-07-15,Germany,Debit Card
10530,Shoes,1,43721,43721,2023-02-01,India,Credit Card
10531,Phone,3,45662,136986,2023-09-27,UK,Cash
10532,Watch,3,4932,14796,2023-11-02,USA,Cash
10533,Phone,2,14068,28136,2023-02-22,India,Credit Card
10534,Camera,4,14678,58712,2023-07-18,France,Credit Card
10535,Watch,1,22695,22695,2023-08-14,UK,UPI
10536,Camera,3,802,2406,2023-04-03,USA,Cash
10537,Headphones,3,555,1665,2023-08-24,USA,Net Banking
10538,Camera,2,9217,18434,2023-07-05,USA,Net Banking
10539,Tablet,2,29199,58398,2023-04-21,France,Cash
10540,Bag,3,2625,7875,2023-12-28,USA,Net Banking
10541,Laptop,4,49013,196052,2023-09-16,Germany,Cash
10542,Tablet,1,40077,40077,2023-04-19,UK,Debit Card
10543,Laptop,2,15534,31068,2023-03-01,France,Cash
10544,Phone,4,5626,22504,2023-04-16,UK,Cash
10545,Headphones,3,18530,55590,2023-11-30,UK,Cash
10546,Headphones,3,19681,59043,2023-11-20,Germany,Credit Card
10547,Watch,3,39138,117414,2023-05-05,USA,Cash
10548,Tablet,4,41440,165760,2023-02-07,France,UPI
10549,Camera,2,40941,81882,2023-11-10,USA,Debit Card
10550,Laptop,2,40150,80300,2023-12-14,USA,UPI
10551,Bag,3,36354,109062,2023-01-22,Germany,Credit Card
10552,Bag,4,8652,34608,2023-01-05,UK,Cash
10553,Phone,3,46040,138120,2023-02-02,USA,UPI
10554,Bag,4,25789,103156,2023-08-24,USA,Credit Card
10555,Laptop,3,30426,91278,2023-10-16,France,UPI
10556,Watch,2,49777,99554,2023-01-04,Germany,UPI
10557,Tablet,4,5132,20528,2023-01-13,UK,Credit Card
10558,Headphones,1,4096,4096,2023-07-14,UK,Debit Card
10559,Camera,4,6668,26672,2023-06-16,France,Debit Card
10560,Shoes,4,8061,32244,2023-06-04,France,UPI
10561,Phone,3,17116,51348,2023-12-09,UK,Net Banking
10562,Laptop,1,27234,27234,2023-08-11,UK,Cash
10563,Laptop,4,26569,106276,2023-04-11,France,Cash
10564,Phone,2,13410,26820,2023-11-18,India,Cash
10565,Bag,4,12699,50796,2023-03-02,USA,Debit Card
10566,Camera,1,23775,23775,2023-12-02,India,Cash
10567,Watch,3,16413,49239,2023-11-20,USA,Credit Card
10568,Shoes,1,19623,19623,2023-07-04,Germany,Net Banking
10569,Tablet,2,48947,97894,2023-09-16,UK,Net Banking
10570,Phone,2,10667,21334,2023-04-26,UK,Net Banking
10571,Watch,3,17760,53280,2023-04-05,France,Debit Card
10572,Phone,2,4312,8624,2023-08-08,France,Credit Card
10573,Bag,1,27785,27785,2023-03-23,Germany,Credit Card
10574,Phone,1,2105,2105,2023-11-18,India,UPI
10575,Camera,3,7267,21801,2023-08-10,France,Credit Card
10576,Watch,4,12113,48452,2023-08-13,UK,Credit Card
10577,Shoes,3,11089,33267,2023-10-21,France,Net Banking
10578,Laptop,3,20619,61857,2023-10-16,USA,Net Banking
10579,Shoes,3,13546,40638,2023-06-17,UK,Net Banking
10580,Tablet,3,25318,75954,2023-07-22,UK,Net Banking
10581,Headphones,3,4824,14472,2023-08-26,UK,Cash
10582,Watch,4,9611,38444,2023-10-17,USA,Cash
10583,Camera,3,16889,50667,2023-08-07,France,Credit Card
10584,Bag,2,41927,83854,2023-01-26,Germany,Credit Card
10585,Shoes,4,29246,116984,2023-09-09,Germany,Credit Card
10586,Tablet,4,22850,91400,2023-02-01,France,Debit Card
10587,Phone,2,617,1234,2023-06-11,France,Credit Card
10588,Phone,1,47185,47185,2023-05-21,France,Net Banking
10589,Bag,4,47577,190308,2023-01-04,Germany,Credit Card
10590,Phone,3,38828,116484,2023-03-29,France,Net Banking
10591,Phone,2,1346,2692,2023-11-09,UK,Debit Card
10592,Phone,3,14203,42609,2023-01-21,France,Debit Card
10593,Headphones,2,47014,94028,2023-11-18,France,Net Banking
10594,Headphones,1,32543,32543,2023-03-30,USA,Cash
10595,Tablet,1,6969,6969,2023-04-14,India,Debit Card
10596,Watch,2,42601,85202,2023-03-16,India,Net Banking
10597,Headphones,4,26886,107544,2023-02-23,India,Cash
10598,Phone,4,49876,199504,2023-04-13,USA,UPI
10599,Shoes,4,37476,149904,2023-06-09,UK,Credit Card
10600,Shoes,4,2548,10192,2023-06-30,USA,Credit Card
10601,Camera,2,13441,26882,2023-09-24,USA,Credit Card
10602,Headphones,4,43033,172132,2023-08-20,France,UPI
10603,Watch,1,2417,2417,2023-05-02,India,UPI
10604,Bag,3,32754,98262,2023-09-16,Germany,Cash
10605,Bag,4,40256,161024,2023-03-04,India,UPI
10606,Shoes,3,47862,143586,2023-11-30,USA,UPI
10607,Camera,1,46245,46245,2023-05-08,UK,Credit Card
10608,Headphones,4,509,2036,2023-02-12,Germany,Debit Card
10609,Laptop,1,22922,22922,2023-09-10,Germany,Net Banking
10610,Bag,2,2719,5438,2023-01-28,Germany,Cash
10611,Camera,2,5787,11574,2023-11-01,Germany,Credit Card
10612,Camera,2,34887,69774,2023-04-19,India,Credit Card
10613,Watch,1,1842,1842,2023-07-11,UK,Credit Card
10614,Laptop,1,43836,43836,2023-11-19,India,Credit Card
10615,Shoes,1,28034,28034,2023-01-05,Germany,Debit Card
10616,Laptop,4,32793,131172,2023-11-10,India,UPI
10617,Phone,3,36758,110274,2023-07-02,USA,Net Banking
10618,Headphones,2,42578,85156,2023-01-01,UK,Net Banking
10619,Camera,1,18488,18488,2023-04-25,USA,Credit Card
10620,Watch,2,12719,25438,2023-03-11,UK,Net Banking
10621,Watch,4,43429,173716,2023-08-26,France,Cash
10622,Phone,2,2408,4816,2023-04-07,UK,Net Banking
10623,Bag,4,36798,147192,2023-05-27,UK,Cash
10624,Laptop,1,19519,19519,2023-07-29,Germany,Debit Card
10625,Phone,3,5915,17745,2023-02-10,Germany,Debit Card
10626,Camera,4,44425,177700,2023-05-16,India,Cash
10627,Phone,4,6451,25804,2023-03-07,UK,Credit Card
10628,Bag,1,8507,8507,2023-03-07,Germany,Credit Card
10629,Bag,3,42332,126996,2023-08-24,USA,Cash
10630,Headphones,1,31023,31023,2023-07-29,France,Net Banking
10631,Camera,2,21704,43408,2023-07-22,USA,UPI
10632,Headphones,1,19782,19782,2023-05-29,Germany,Credit Card
10633,Shoes,3,577,1731,2023-01-10,USA,Credit Card
10634,Camera,2,21111,42222,2023-10-09,France,Cash
10635,Watch,1,14560,14560,2023-07-15,France,Debit Card
10636,Bag,2,19020,38040,2023-09-19,USA,Net Banking
10637,Tablet,2,43803,87606,2023-07-16,UK,Cash
10638,Phone,4,10010,40040,2023-11-26,France,UPI
10639,Phone,4,28673,114692,2023-04-09,UK,UPI
10640,Phone,4,12454,49816,2023-10-04,USA,Net Banking
10641,Camera,1,7065,7065,2023-02-24,Germany,UPI
10642,Tablet,1,22026,22026,2023-11-29,Germany,Debit Card
10643,Watch,3,19074,57222,2023-04-15,Germany,Cash
10644,Laptop,1,19596,19596,2023-06-04,India,Net Banking
10645,Watch,1,34516,34516,2023-02-20,India,Debit Card
10646,Tablet,3,46058,138174,2023-09-12,India,Credit Card
10647,Watch,2,18881,37762,2023-04-22,Germany,Debit Card
10648,Bag,1,36955,36955,2023-01-22,France,Debit Card
10649,Shoes,4,4518,18072,2023-10-13,UK,Debit Card
10650,Bag,3,2470,7410,2023-11-11,Germany,Credit Card
10651,Headphones,2,27702,55404,2023-12-13,France,UPI
10652,Tablet,3,18086,54258,2023-08-28,Germany,UPI
10653,Bag,4,31773,127092,2023-07-12,Germany,Credit Card
10654,Bag,4,15874,63496,2023-12-15,Germany,Debit Card
10655,Camera,3,6288,18864,2023-08-22,USA,Net Banking
10656,Camera,1,25553,25553,2023-01-25,France,Debit Card
10657,Camera,3,1422,4266,2023-05-24,USA,Debit Card
10658,Watch,4,11289,45156,2023-03-05,USA,Net Banking
10659,Bag,1,1620,1620,2023-10-07,USA,Debit Card
10660,Watch,1,32654,32654,2023-11-13,France,Debit Card
10661,Laptop,3,2836,8508,2023-04-10,Germany,Cash
10662,Tablet,2,2743,5486,2023-09-13,USA,Debit Card
10663,Shoes,2,32765,65530,2023-02-13,India,Credit Card
10664,Headphones,1,47214,47214,2023-09-01,USA,Net Banking
10665,Phone,2,44372,88744,2023-04-08,UK,Credit Card
10666,Laptop,2,24210,48420,2023-03-17,USA,UPI
10667,Headphones,3,6871,20613,2023-05-26,UK,Cash
10668,Camera,1,6859,6859,2023-08-26,France,Cash
10669,Camera,4,41131,164524,2023-03-06,India,Credit Card
10670,Camera,3,36496,109488,2023-12-22,France,Credit Card
10671,Bag,4,14882,59528,2023-06-05,UK,Debit Card
10672,Camera,4,36159,144636,2023-03-10,India,Cash
10673,Shoes,1,21109,21109,2023-09-07,France,Net Banking
10674,Watch,3,16978,50934,2023-07-29,USA,Debit Card
10675,Headphones,3,40166,120498,2023-06-25,Germany,Cash
10676,Laptop,4,34061,136244,2023-12-15,Germany,Credit Card
10677,Bag,3,35384,106152,2023-07-09,UK,Credit Card
10678,Headphones,4,12798,51192,2023-09-05,France,Net Banking
10679,Headphones,2,14653,29306,2023-09-15,India,Credit Card
10680,Phone,4,11289,45156,2023-06-25,Germany,Debit Card
10681,Laptop,2,13499,26998,2023-10-01,Germany,Cash
10682,Watch,3,1314,3942,2023-01-06,UK,Credit Card
10683,Watch,2,11041,22082,2023-08-10,USA,Debit Card
10684,Laptop,3,2943,8829,2023-12-17,India,Debit Card
10685,Tablet,2,10880,21760,2023-05-04,India,Credit Card
10686,Tablet,4,44741,178964,2023-02-04,France,Debit Card
10687,Headphones,1,15828,15828,2023-04-23,USA,Net Banking
10688,Tablet,3,26715,80145,2023-09-27,USA,Debit Card
10689,Phone,4,27806,111224,2023-11-08,USA,Net Banking
10690,Shoes,4,40415,161660,2023-02-12,Germany,Debit Card
10691,Tablet,4,15843,63372,2023-10-08,Germany,Cash
10692,Bag,4,39227,156908,2023-07-03,Germany,UPI
10693,Tablet,3,28132,84396,2023-12-03,India,Net Banking
10694,Phone,4,44909,179636,2023-06-11,Germany,Net Banking
10695,Tablet,1,21030,21030,2023-02-11,USA,Credit Card
10696,Phone,1,44827,44827,2023-11-05,France,Net Banking
10697,Watch,1,4297,4297,2023-08-07,UK,Net Banking
10698,Bag,3,14218,42654,2023-12-06,UK,Debit Card
10699,Camera,1,11553,11553,2023-05-29,France,Cash
10700,Camera,1,36744,36744,2023-01-18,India,Net Banking
10701,Tablet,2,2145,4290,2023-05-18,France,UPI
10702,Bag,4,19756,79024,2023-10-25,India,Debit Card
10703,Camera,1,35122,35122,2023-09-25,France,Credit Card
10704,Phone,2,37930,75860,2023-04-21,France,Credit Card
10705,Watch,3,3208,9624,2023-01-14,Germany,Cash
10706,Camera,3,10024,30072,2023-12-03,India,UPI
10707,Laptop,1,39724,39724,2023-05-16,India,Cash
10708,Tablet,1,32909,32909,2023-01-02,UK,Cash
10709,Bag,1,41238,41238,2023-07-10,Germany,Net Banking
10710,Headphones,3,34893,104679,2023-03-08,Germany,UPI
10711,Shoes,3,8473,25419,2023-04-24,USA,UPI
10712,Laptop,2,8570,17140,2023-11-02,Germany,Credit Card
10713,Phone,2,9166,18332,2023-12-10,USA,UPI
10714,Tablet,2,36868,73736,2023-01-24,USA,UPI
10715,Camera,4,46494,185976,2023-11-12,Germany,Cash
10716,Watch,3,5471,16413,2023-06-17,UK,Cash
10717,Camera,3,13990,41970,2023-12-18,France,Credit Card
10718,Headphones,2,46219,92438,2023-08-31,USA,Cash
10719,Shoes,1,2490,2490,2023-09-12,India,Debit Card
10720,Tablet,4,46265,185060,2023-09-02,Germany,Credit Card
10721,Watch,1,22859,22859,2023-05-10,France,Cash
10722,Tablet,1,37648,37648,2023-06-30,USA,Cash
10723,Headphones,3,5257,15771,2023-06-24,Germany,UPI
10724,Watch,2,10895,21790,2023-12-15,Germany,Credit Card
10725,Headphones,2,38856,77712,2023-11-15,UK,Net Banking
10726,Tablet,1,5444,5444,2023-09-20,India,Net Banking
10727,Bag,4,20316,81264,2023-02-01,UK,Cash
10728,Laptop,1,37511,37511,2023-06-28,USA,Cash
10729,Watch,2,25417,50834,2023-08-09,UK,Debit Card
10730,Watch,4,22066,88264,2023-09-04,Germany,Credit Card
10731,Laptop,1,21306,21306,2023-03-15,India,Cash
10732,Laptop,1,2259,2259,2023-11-10,USA,Debit Card
10733,Tablet,1,42449,42449,2023-10-26,USA,UPI
10734,Bag,3,2982,8946,2023-04-04,France,Debit Card
10735,Shoes,3,34219,102657,2023-10-19,UK,Debit Card
10736,Watch,3,28465,85395,2023-11-18,Germany,Credit Card
10737,Laptop,4,3217,12868,2023-08-05,India,Net Banking
10738,Tablet,1,28452,28452,2023-09-15,Germany,Credit Card
10739,Shoes,1,42960,42960,2023-07-07,India,Credit Card
10740,Watch,2,7811,15622,2023-08-22,India,Debit Card
10741,Shoes,4,24070,96280,2023-05-19,Germany,UPI
10742,Laptop,2,34036,68072,2023-03-26,France,Credit Card
10743,Shoes,2,38758,77516,2023-06-02,France,Credit Card
10744,Camera,3,29365,88095,2023-08-28,France,Cash
10745,Laptop,2,38500,77000,2023-03-28,UK,Net Banking
10746,Phone,2,11985,23970,2023-08-23,Germany,Credit Card
10747,Camera,2,26022,52044,2023-07-09,India,Net Banking
10748,Phone,3,12842,38526,2023-08-08,UK,Net Banking
10749,Phone,3,49270,147810,2023-11-11,France,UPI
10750,Watch,4,38141,152564,2023-05-28,Germany,UPI
10751,Headphones,2,10593,21186,2023-06-15,India,Cash
10752,Laptop,2,47690,95380,2023-08-04,France,Credit Card
10753,Tablet,3,40911,122733,2023-08-30,India,Cash
10754,Bag,4,20346,81384,2023-12-26,Germany,Credit Card
10755,Phone,1,44539,44539,2023-09-10,USA,Net Banking
10756,Tablet,1,45868,45868,2023-10-29,USA,Credit Card
10757,Headphones,3,47563,142689,2023-10-01,UK,Net Banking
10758,Watch,3,11182,33546,2023-10-10,USA,UPI
10759,Watch,3,49648,148944,2023-11-14,Germany,UPI
10760,Camera,4,31980,127920,2023-12-11,India,Credit Card
10761,Bag,3,3800,11400,2023-02-12,India,Cash
10762,Laptop,3,40486,121458,2023-12-14,India,Cash
10763,Camera,1,20559,20559,2023-07-02,Germany,Cash
10764,Camera,3,14075,42225,2023-06-23,India,Credit Card
10765,Laptop,2,8470,16940,2023-05-22,Germany,Credit Card
10766,Tablet,4,22091,88364,2023-02-01,France,UPI
10767,Watch,2,10003,20006,2023-08-23,USA,Debit Card
10768,Camera,4,48417,193668,2023-06-30,France,Debit Card
10769,Watch,3,12675,38025,2023-12-28,Germany,Debit Card
10770,Watch,4,41624,166496,2023-08-22,UK,Net Banking
10771,Watch,2,21889,43778,2023-05-15,UK,Net Banking
10772,Shoes,3,1322,3966,2023-02-16,Germany,Debit Card
10773,Camera,4,47557,190228,2023-10-17,India,UPI
10774,Camera,3,4925,14775,2023-06-27,UK,Cash
10775,Watch,3,16532,49596,2023-03-15,France,Net Banking
10776,Camera,3,20579,61737,2023-12-06,India,Debit Card
10777,Headphones,1,42374,42374,2023-03-20,UK,UPI
10778,Tablet,4,31919,127676,2023-05-07,Germany,Debit Card
10779,Watch,2,9205,18410,2023-10-27,France,Cash
10780,Headphones,1,23736,23736,2023-02-12,France,Debit Card
10781,Headphones,4,20478,81912,2023-03-29,India,Debit Card
10782,Shoes,2,15858,31716,2023-06-14,UK,Net Banking
10783,Tablet,2,29878,59756,2023-08-14,India,UPI
10784,Watch,3,11882,35646,2023-09-04,France,Credit Card
10785,Bag,4,15096,60384,2023-12-24,USA,Cash
10786,Shoes,1,13721,13721,2023-11-15,France,Credit Card
10787,Bag,4,46460,185840,2023-11-09,UK,Credit Card
10788,Tablet,2,7583,15166,2023-12-13,India,UPI
10789,Bag,3,44361,133083,2023-03-24,India,Debit Card
10790,Shoes,4,30475,121900,2023-08-30,France,Cash
10791,Headphones,1,48785,48785,2023-01-10,France,Debit Card
10792,Headphones,4,2606,10424,2023-05-14,USA,Cash
10793,Tablet,2,49354,98708,2023-03-25,Germany,UPI
10794,Laptop,4,38099,152396,2023-12-04,USA,Cash
10795,Headphones,1,29029,29029,2023-10-02,India,Net Banking
10796,Camera,3,28356,85068,2023-06-13,India,Debit Card
10797,Shoes,2,13308,26616,2023-05-02,Germany,Credit Card
10798,Headphones,4,37301,149204,2023-02-23,France,Net Banking
10799,Bag,1,34572,34572,2023-01-15,India,Credit Card
10800,Laptop,3,24252,72756,2023-01-05,Germany,Cash
10801,Shoes,2,18185,36370,2023-06-02,UK,Net Banking
10802,Phone,3,41901,125703,2023-04-21,India,Credit Card
10803,Phone,1,11872,11872,2023-09-08,Germany,Cash
10804,Laptop,2,9496,18992,2023-03-29,Germany,Credit Card
10805,Watch,3,32389,97167,2023-04-30,USA,Net Banking
10806,Laptop,4,27165,108660,2023-10-02,Germany,Credit Card
10807,Camera,4,32153,128612,2023-09-23,Germany,Credit Card
10808,Bag,2,40452,80904,2023-04-26,UK,Debit Card
10809,Bag,1,32396,32396,2023-08-01,France,Debit Card
10810,Watch,2,13375,26750,2023-06-11,USA,Debit Card
10811,Shoes,3,49256,147768,2023-08-06,UK,Net Banking
10812,Watch,2,17225,34450,2023-03-15,USA,Credit Card
10813,Camera,1,41260,41260,2023-07-12,UK,Debit Card
10814,Bag,3,17529,52587,2023-06-02,UK,Debit Card
10815,Shoes,3,4763,14289,2023-07-06,India,Credit Card
10816,Watch,2,31487,62974,2023-06-29,France,UPI
10817,Camera,1,48424,48424,2023-09-01,France,UPI
10818,Bag,3,28029,84087,2023-11-16,India,Cash
10819,Laptop,1,12164,12164,2023-12-24,France,Cash
10820,Tablet,2,36296,72592,2023-10-14,France,Debit Card
10821,Camera,4,29873,119492,2023-11-24,India,Net Banking
10822,Phone,2,36897,73794,2023-03-26,UK,Net Banking
10823,Bag,4,21109,84436,2023-08-04,USA,UPI
10824,Camera,4,39209,156836,2023-10-06,USA,UPI
10825,Laptop,3,19750,59250,2023-10-28,UK,Debit Card
10826,Shoes,1,12055,12055,2023-07-04,USA,Debit Card
10827,Laptop,3,13581,40743,2023-06-16,USA,Debit Card
10828,Headphones,1,24563,24563,2023-01-29,USA,Credit Card
10829,Headphones,4,26212,104848,2023-05-01,France,Cash
10830,Shoes,3,11546,34638,2023-02-16,Germany,UPI
10831,Laptop,4,29269,117076,2023-11-08,UK,Debit Card
10832,Shoes,3,23650,70950,2023-08-15,USA,UPI
10833,Phone,4,5353,21412,2023-07-13,France,UPI
10834,Headphones,2,24363,48726,2023-07-05,USA,Net Banking
10835,Laptop,1,40983,40983,2023-09-19,France,Credit Card
10836,Laptop,3,48775,146325,2023-08-09,Germany,Credit Card
10837,Tablet,3,2262,6786,2023-04-18,France,Credit Card
10838,Tablet,4,16350,65400,2023-01-03,India,Cash
10839,Camera,1,24558,24558,2023-04-22,India,UPI
10840,Headphones,1,39390,39390,2023-09-26,USA,UPI
10841,Camera,2,47804,95608,2023-01-10,India,Net Banking
10842,Headphones,2,40885,81770,2023-12-31,India,UPI
10843,Shoes,1,35388,35388,2023-09-20,UK,Credit Card
10844,Laptop,1,35611,35611,2023-05-19,India,Cash
10845,Bag,1,34508,34508,2023-07-27,India,Cash
10846,Watch,1,9630,9630,2023-07-03,France,Debit Card
10847,Bag,4,45580,182320,2023-07-03,France,Net Banking
10848,Phone,3,24854,74562,2023-05-09,USA,Cash
10849,Watch,3,28645,85935,2023-07-04,UK,Net Banking
10850,Bag,1,21087,21087,2023-03-07,France,Net Banking
10851,Headphones,4,10150,40600,2023-01-21,USA,Credit Card
10852,Tablet,2,21081,42162,2023-06-07,Germany,UPI
10853,Shoes,2,23551,47102,2023-08-26,France,Cash
10854,Bag,3,26712,80136,2023-08-03,India,Cash
10855,Camera,4,49582,198328,2023-09-20,India,Credit Card
10856,Bag,3,7460,22380,2023-07-30,France,UPI
10857,Phone,1,22020,22020,2023-10-09,India,Cash
10858,Camera,2,36908,73816,2023-07-16,USA,Cash
10859,Shoes,3,20991,62973,2023-06-20,Germany,Cash
10860,Bag,2,45123,90246,2023-10-25,France,UPI
10861,Phone,4,838,3352,2023-08-11,India,Credit Card
10862,Shoes,4,12754,51016,2023-05-13,UK,Net Banking
10863,Laptop,1,11844,11844,2023-12-26,France,Cash
10864,Tablet,3,2921,8763,2023-06-18,Germany,Debit Card
10865,Camera,4,5819,23276,2023-09-23,UK,Net Banking
10866,Headphones,1,12418,12418,2023-10-15,India,UPI
10867,Watch,3,25564,76692,2023-03-05,France,Cash
10868,Laptop,1,47117,47117,2023-08-12,France,Cash
10869,Camera,3,28435,85305,2023-08-30,France,Net Banking
10870,Laptop,2,30211,60422,2023-05-28,India,UPI
10871,Phone,3,41860,125580,2023-07-31,Germany,Net Banking
10872,Laptop,3,22797,68391,2023-07-06,Germany,Credit Card
10873,Bag,1,20041,20041,2023-06-23,USA,Net Banking
10874,Bag,2,17274,34548,2023-01-25,UK,Debit Card
10875,Shoes,2,37698,75396,2023-01-19,UK,Debit Card
10876,Tablet,1,24570,24570,2023-09-27,USA,Cash
10877,Shoes,1,11622,11622,2023-09-09,France,Net Banking
10878,Tablet,4,8507,34028,2023-05-25,France,Cash
10879,Camera,2,42286,84572,2023-12-31,USA,Cash
10880,Camera,3,34768,104304,2023-10-28,Germany,Debit Card
10881,Headphones,2,36562,73124,2023-07-23,France,Net Banking
10882,Camera,2,26010,52020,2023-06-29,France,Cash
10883,Headphones,3,37765,113295,2023-07-10,Germany,Cash
10884,Headphones,3,1114,3342,2023-12-08,Germany,Cash
10885,Headphones,1,24577,24577,2023-03-10,UK,Cash
10886,Tablet,3,35935,107805,2023-04-06,USA,Debit Card
10887,Tablet,4,13909,55636,2023-03-25,USA,Credit Card
10888,Tablet,3,30366,91098,2023-03-03,France,Cash
10889,Camera,4,32205,128820,2023-03-19,UK,Net Banking
10890,Laptop,3,24010,72030,2023-11-03,Germany,UPI
10891,Headphones,4,41498,165992,2023-11-29,France,Net Banking
10892,Headphones,3,29035,87105,2023-03-22,France,Cash
10893,Tablet,1,45047,45047,2023-11-10,France,Credit Card
10894,Headphones,1,15817,15817,2023-12-19,France,Debit Card
10895,Tablet,1,8064,8064,2023-06-20,France,UPI
10896,Watch,2,48788,97576,2023-06-23,France,Debit Card
10897,Shoes,4,14237,56948,2023-03-09,France,Cash
10898,Headphones,4,15729,62916,2023-06-11,India,Cash
10899,Laptop,2,9002,18004,2023-12-06,France,Credit Card
10900,Camera,3,1045,3135,2023-06-13,USA,UPI
10901,Laptop,2,37614,75228,2023-04-21,USA,UPI
10902,Camera,3,10496,31488,2023-02-19,India,Cash
10903,Shoes,1,30469,30469,2023-12-25,USA,Debit Card
10904,Camera,4,14419,57676,2023-02-25,France,Credit Card
10905,Laptop,3,31086,93258,2023-05-07,Germany,Credit Card
10906,Phone,3,42273,126819,2023-02-04,India,Credit Card
10907,Laptop,4,45584,182336,2023-03-08,USA,Cash
10908,Tablet,2,8936,17872,2023-08-01,Germany,Cash
10909,Tablet,4,13484,53936,2023-04-22,India,UPI
10910,Camera,4,20395,81580,2024-01-01,UK,Debit Card
10911,Laptop,4,11116,44464,2023-05-08,France,Credit Card
10912,Laptop,2,40337,80674,2023-05-14,USA,Net Banking
10913,Tablet,1,25074,25074,2023-03-21,UK,Debit Card
10914,Watch,3,13176,39528,2023-04-10,Germany,UPI
10915,Headphones,1,33233,33233,2023-05-07,USA,Debit Card
10916,Camera,1,2550,2550,2023-09-19,India,Debit Card
10917,Phone,1,34433,34433,2023-09-12,India,Cash
10918,Phone,4,32913,131652,2023-12-09,USA,Net Banking
10919,Camera,2,33413,66826,2023-01-25,Germany,Credit Card
10920,Laptop,2,41100,82200,2023-03-25,India,Debit Card
10921,Watch,4,25780,103120,2023-01-03,USA,Debit Card
10922,Watch,1,25057,25057,2023-05-01,USA,Cash
10923,Headphones,3,35900,107700,2023-11-27,Germany,Cash
10924,Bag,3,15652,46956,2023-11-29,USA,Net Banking
10925,Camera,1,24395,24395,2023-08-25,UK,UPI
10926,Headphones,4,32383,129532,2023-03-03,UK,Debit Card
10927,Shoes,3,43501,130503,2023-04-27,India,Debit Card
10928,Bag,1,45528,45528,2023-03-11,USA,Credit Card
10929,Phone,3,32623,97869,2023-04-11,UK,Cash
10930,Camera,2,1306,2612,2023-08-13,USA,Net Banking
10931,Bag,4,41470,165880,2023-09-20,Germany,Credit Card
10932,Headphones,2,35136,70272,2023-09-09,France,UPI
10933,Tablet,2,48780,97560,2023-02-01,France,Credit Card
10934,Watch,3,15399,46197,2023-01-24,India,Debit Card
10935,Shoes,4,49488,197952,2023-03-08,France,Debit Card
10936,Bag,3,38697,116091,2023-06-04,USA,Net Banking
10937,Tablet,1,36832,36832,2023-07-25,France,UPI
10938,Phone,2,12093,24186,2023-08-17,USA,Debit Card
10939,Shoes,3,17820,53460,2023-06-11,Germany,UPI
10940,Phone,1,44013,44013,2023-03-18,India,UPI
10941,Laptop,3,14699,44097,2023-03-08,Germany,Credit Card
10942,Camera,2,16376,32752,2023-07-17,India,Cash
10943,Bag,1,8745,8745,2023-02-27,France,Debit Card
10944,Bag,3,1226,3678,2023-01-30,France,Debit Card
10945,Watch,1,47100,47100,2023-02-12,UK,Net Banking
10946,Tablet,3,18797,56391,2023-03-19,France,Cash
10947,Bag,1,26672,26672,2023-07-19,France,Debit Card
10948,Bag,3,8157,24471,2023-02-26,Germany,Net Banking
10949,Tablet,3,25925,77775,2023-10-27,India,Cash
10950,Bag,2,47819,95638,2023-09-09,Germany,UPI
10951,Tablet,3,29331,87993,2023-03-27,USA,Debit Card
10952,Bag,3,7787,23361,2023-11-15,USA,Net Banking
10953,Shoes,1,10722,10722,2023-01-13,France,Credit Card
10954,Bag,1,37943,37943,2023-02-01,France,Net Banking
10955,Tablet,2,18264,36528,2023-07-15,France,Credit Card
10956,Phone,2,18174,36348,2023-01-30,Germany,Net Banking
10957,Camera,1,46507,46507,2023-01-21,India,UPI
10958,Camera,3,44142,132426,2023-06-07,USA,Net Banking
10959,Headphones,4,32784,131136,2023-01-15,USA,UPI
10960,Shoes,1,18102,18102,2023-03-23,France,Net Banking
10961,Watch,1,23765,23765,2023-03-14,France,Cash
10962,Camera,4,29341,117364,2023-09-07,India,Net Banking
10963,Phone,1,47042,47042,2023-06-26,USA,Cash
10964,Camera,4,43020,172080,2023-08-04,USA,Debit Card
10965,Camera,1,16085,16085,2023-11-01,India,Net Banking
10966,Tablet,4,40559,162236,2023-03-13,UK,Cash
10967,Phone,3,4633,13899,2023-03-10,France,Net Banking
10968,Laptop,4,22254,89016,2023-06-02,Germany,Cash
10969,Camera,1,5795,5795,2023-09-13,UK,Net Banking
10970,Laptop,2,42373,84746,2023-03-23,UK,UPI
10971,Camera,2,41496,82992,2023-09-01,India,Cash
10972,Headphones,4,10403,41612,2023-02-14,UK,Net Banking
10973,Camera,1,42255,42255,2023-01-09,UK,Credit Card
10974,Phone,1,21952,21952,2023-08-03,Germany,Net Banking
10975,Headphones,1,38501,38501,2023-09-17,India,Debit Card
10976,Camera,4,10016,40064,2023-04-04,UK,UPI
10977,Shoes,4,49969,199876,2023-03-16,USA,UPI
10978,Laptop,1,19046,19046,2023-12-26,France,Debit Card
10979,Shoes,2,2091,4182,2023-04-13,Germany,Net Banking
10980,Laptop,4,31061,124244,2023-04-07,France,Net Banking
10981,Bag,4,27072,108288,2023-05-23,USA,Debit Card
10982,Shoes,1,34580,34580,2023-07-23,India,Net Banking
10983,Headphones,2,21195,42390,2023-07-16,UK,Cash
10984,Camera,3,20123,60369,2023-01-02,Germany,Debit Card
10985,Phone,4,47956,191824,2023-02-05,India,Debit Card
10986,Headphones,3,18588,55764,2023-09-22,France,Net Banking
10987,Watch,1,33630,33630,2023-09-25,UK,Credit Card
10988,Phone,1,32588,32588,2023-09-30,Germany,UPI
10989,Headphones,1,46749,46749,2023-11-01,Germany,Cash
10990,Laptop,4,21170,84680,2023-04-24,UK,Credit Card
10991,Camera,3,2969,8907,2023-06-23,France,UPI
10992,Tablet,4,23034,92136,2023-07-01,USA,Net Banking
10993,Tablet,1,49374,49374,2023-11-27,Germany,Net Banking
10994,Phone,1,9517,9517,2023-03-02,UK,Cash
10995,Shoes,1,49638,49638,2023-05-23,India,Cash
10996,Tablet,3,48138,144414,2023-08-07,India,UPI
10997,Bag,2,40829,81658,2023-10-24,Germany,UPI
10998,Bag,4,23390,93560,2023-12-23,Germany,Credit Card
10999,Laptop,1,37009,37009,2023-05-23,UK,Credit Card
